{"cameraMode":{"drawMode":0,"name":"Shaded","section":"Shading Mode"},"sceneLighting":true,"audioPlay":false,"sceneViewState":{"showFog":true,"showMaterialUpdate":false,"showSkybox":true,"showFlares":true,"showImageEffects":true,"showParticleSystems":true},"in2DMode":false,"pivot":{"x":-317.2342529296875,"y":73.18643188476563,"z":-56.923423767089847},"rotation":{"x":0.023964349180459977,"y":0.968736469745636,"z":-0.10356231033802033,"w":0.2241663932800293},"size":17.14535140991211,"orthographic":false}