{"cameraMode":{"drawMode":0,"name":"Shaded","section":"Shading Mode"},"sceneLighting":true,"audioPlay":false,"sceneViewState":{"showFog":true,"showMaterialUpdate":false,"showSkybox":true,"showFlares":true,"showImageEffects":true,"showParticleSystems":true},"in2DMode":false,"pivot":{"x":-305.1062316894531,"y":67.26785278320313,"z":-49.10928726196289},"rotation":{"x":0.08556212484836579,"y":0.8004665970802307,"z":-0.1177951842546463,"w":0.5814299583435059},"size":18.07172203063965,"orthographic":false}